{
    "Region": {
        "Europe": {
            "Southwestern": {
                "Cities": [
                    "Lisbon", "Madrid", "Marseille", "Nice", "Venice"
                ],
                "Locations": [
                    [14.91190364735662, 309.90579052143335],
                    [95.92841633533943, 241.386630856199],
                    [231.23209599625739, 125.9365735266345],
                    [259.5414309710704, 109.70798115677538],
                    [335.0880963526434, 40.09420947856665]
               ]
            },
            "Northeastern": {
                "Cities": [
                    "Plymouth", "Glasgow", "London", "Oslo", "Malmo"
                ],
                "Locations": [
                    [20.14008874956518, 319.6757503360858], 
                    [18.181510937895684, 153.20341907821074],
                    [93.13303344541404, 285.2263898879407],
                    [290.70670197973226, 30.324249663914173],
                    [331.8184890621043, 160.96223921329417]
                ]
            }
        }
    }
}
